loc;Ecoregion_I;Ecoregions_II
(15 m depth);0;0
(50 m depth);0;0
(50-120 m depth);0;0
(Cold. RF);0;0
(deep water);0;0
(east) 22°N, 50 m;0;0
(Inland Sea);0;0
(west coast);0;0
100 m depth;0;0
31-32° S on the lower west coast ;0;0
40°S-34°S;0;0
54-150 m;0;0
63°N, 150 m;0;0
Afva River, Baltic;0;0
Aksu Stream, Çoruh River (alt: 2800-2900 m);0;0
Amur river;0;0
Antarctic;0;0
Aquaria;0;0
aquaria;0;0
Arabian Sea;0;0
Arabian Sea (Jan 2007 - Dec 2010);0;0
Areas 3B, 5A, 5B, and 5D;0;0
Areas 3C, 5A, and 5E;0;0
Areas 5C and 5D;0;0
Aspropotamos stream;0;0
Atlantic;0;0
Atlantic coast;0;0
Bakemeita (slow growing);0;0
Basin of Enisey river;0;0
Bay of Bengal (Jan 2007 - Dec 2010);0;0
Bouleau River, Quebec;0;0
Burnett and Maroochy River and Pumiceston Passage;0;0
Cadiz, fish ponds;0;0
California, tide pools;0;0
Northeastern Pacific, the 1940s;0;0
Cape fishing grounds (31°-35°S);0;0
Cape stock;0;0
Northern Primor’e;47;0
Caspian Sea;0;0
Central and lower part;0;0
central and western North Pacific;0;0
Central coast;0;0
central coast (16°-21°30'S), 30-100 m depth;0;0
Central Pacific;0;0
Central region;0;0
Central south coast;0;0
Clarence River, New South Wales (29.427° S, 153.372° E), Sept 2003-March 2005;0;0
Clarence River, south-eastern coast;0;0
Clyde;0;0
coastal areas;0;0
Cold. RF;0;0
Colorado River Delta, Gulf of California, Sonora;0;0
Continental shelf (8400-850 m);0;0
continental slope (400-850 m depth);0;0
Dunajec River, Baltic;0;0
Dunmore stock;0;0
East Africa;0;0
East Alligator River;0;0
east coast;0;0
East coast;0;0
East coast lagoon;0;0
East region;0;0
Eastern Atlantic;0;0
Eastern Bay;0;0
eastern coast;0;0
Eastern coast;0;0
Eastern North Atlantic;0;0
Eastern Pacific;0;0
Eastern south coast;0;0
EEZ;0;0
Enisey river;0;0
Estorãos, Lima river system;0;0
Estuaries;0;0
Europe (not specified);0;0
European Waters;0;0
Fishing ports (1985-1994);0;0
"Growth: Northeastern USA; M for Gulf of Mexico";0;0
Gudenaa River, Baltic;0;0
Gulf of Mexico (laboratory aquaria);0;0
"Gulf of Mexico; Caribbean Sea; NW Atlantic Ocean";0;0
Guy Fawkes River, New South Wales;0;0
Hatchery-reared;0;0
Hommeita (fast growing);0;0
Hunt Creek, Michigan;0;0
Imsa River;0;0
Imsa River ;0;0
Indian Ocean;0;0
Indian Oean;0;0
Indian River, Florida;0;0
Irtysh River;0;0
Kan stream, upper Çoruh River;0;0
Klamath River, California;0;0
Klisova Lagoon;0;0
Kobuk and Selavik rivers;0;0
Kuskokwim River;0;0
Labruja, Lima river system;0;0
Ladoga Lake;0;0
lagoon;0;0
lagoons;0;0
Lake Chunozero, Karelia;0;0
Lake Clifton, Western Australia;0;0
Lake Erhai (105°5-17' E, 23°35-58' N), Yunnan-Guizhou plateau;0;0
Lake Ichkeul;0;0
Lake Inarijärvi;0;0
Lake Kallavesi;0;0
Lake Keitele;0;0
"Lake Khanka (Xingkai)(45°15'49.12""- 45°15'8.62""N; 132°02'35.22""-132°01'7.73""E)";0;0
Lake Kiantajärvi, Sotkamo;0;0
Lake Kuusamojärvi;0;0
Lake Lebsko;0;0
Lake Nicaragua;0;0
Lake Okhtozero, Karelia;0;0
Lake Pereslavskoe, Volga River Basin;0;0
Lake Pontchartrain, Louisiana;0;0
Lake Pyhäjärvi;0;0
Lake Pyhäjärvi, Karelia;0;0
Lake Quarum (brackish);0;0
Lake Trichonis (1992-1993);0;0
Lake VuokalanjaÈrvi;0;0
Lake Änättijärvi, Kuhmo;0;0
Lena River;0;0
Lower Columbia River;0;0
Lower east coast;0;0
lower east coast;0;0
Manx stock;0;0
Mary River;0;0
Mediterranean coast;0;0
Mediterranean waters;0;0
Mediterranean, 500 m;0;0
Mediterranean, Black Sea and Azov Sea (all GSA);0;0
mid-Atlantic Ridge (depth: 8000 - 3532 m);0;0
mid-Atlantic Ridge and off Greenland;0;0
middle South Atlantic Bight;0;0
Miliane and Medjerdah rivers;0;0
Norman River;0;0
North and South Atlantic;0;0
North Atlantic;0;0
North Central Pacific;0;0
north coast;0;0
North coast;0;0
North east Atlantic and Mediterranean Sea;0;0
North Ladoga Lake;0;0
North Pacific;0;0
North Pacific 40°N 150°W;0;0
North Pacific current 28-40°N;0;0
North Pacific Ocean;0;0
North West Shelf;0;0
northeast Atlantic;0;0
Northeast Atlantic;0;0
Northeast coast;0;0
Northeast Pacific;0;0
Northeast Zone;0;0
Northeastern Caspian Sea;0;0
Northeastern region;0;0
northeastern waters;0;0
North-eastern waters;0;0
northern and eastern coasts;0;0
Northern coast;0;0
"Northern coast, 1975; 1977-78";0;0
Northern coasts;0;0
Northern east coast;0;0
Northern region;0;0
Northern stock;0;0
Northwest  Zone;0;0
Northwest Atlantic;0;0
northwest Atlantic;0;0
northwest Atlantic coast;0;0
Northwest coast;0;0
Northwest Pacific;0;0
northwest Pacific;0;0
Northwest region;0;0
Northwest shelf;0;0
Northwest Zone;0;0
Northwest, Central and Northeast Pacific;0;0
Northwestern;0;0
Northwestern Atlantic;0;0
Northwestern coasts;0;0
Northwestern Islands;0;0
Northwestern shelf;0;0
not specified;0;0
Ob river basin;0;0
off east coast;0;0
off eastern coast;0;0
off northeastern coast;0;0
off Northeastern waters;0;0
off Northwest coast;0;0
off South I. west coast;0;0
off south-west coast;0;0
Off the coasts (Jan 2002 - Dec 2003);0;0
pacific;0;0
Pacific Coast;0;0
Pigeon River, Michigan;0;0
Pigou River, Quebec;0;0
Po River Delta;0;0
Pulicat Lake;0;0
Reda River, Baltic;0;0
reef platform;0;0
Regions X and XII;0;0
Rensen;0;0
Rockall Island;0;0
Sahara;0;0
Singerna River (Tiber River basin);0;0
South Atlantic;0;0
South Atlantic and South Pacific;0;0
South Atlantic Bight;0;0
South Australia;0;0
South coast;0;0
south coast;0;0
South Ladoga Lake;0;0
South region;0;0
South West Africa;0;0
South West Pacific;0;0
Southeast  Zone;0;0
Southeast and Southwest;0;0
Southeast coast;0;0
Southeast Zone;0;0
Southeastern;0;0
southeastern coast;0;0
Southeastern coast;0;0
south-eastern coast;0;0
Southeastern coast (22°-28°S);0;0
Southeastern coasts;0;0
Southeastern region;0;0
South-eastern waters;0;0
Southern and southeastern regions;0;0
southern coast;0;0
Southern coast;0;0
southern coast (22°-28°S);0;0
Southern coasts;0;0
Southern fjords (42 - 46° S);0;0
southern region;0;0
Southern region;0;0
southern stock;0;0
Southern Szczecin Lagoon and Northen Lake D?bie, Oder Estuary,  2007 (Oct - Dec);0;0
southernmost region;0;0
Southland;0;0
Southland (Sub area 025);0;0
South-Southwest;0;0
Southwest;0;0
Southwest  Zone;0;0
Southwest and Northeast  Zones;0;0
southwest Atlantic coastal waters (34°-41° S);0;0
southwest Atlantic coastal waters (34°-41° S), spring;0;0
southwest Atlantic coastal waters (34°-41° S, northern)), winter;0;0
Southwest coast;0;0
Southwest coast (32°-32°31' S);0;0
South-west Indian Ocean seamounts (600-1000 m depths);0;0
southwest Pacific Ocean;0;0
Southwest Zone;0;0
Southwestern  coasts;0;0
Southwestern coast;0;0
Southwestern coasts;0;0
"Southwestern coasts, 1991-93; 1995";0;0
Southwestern region;0;0
St. John's River, New Brunswick;0;0
Stokely Creek, Eastern Lake Superior;0;0
streams and marine waters;0;0
SW and SE Indian Ocean;0;0
Taihu Lake;0;0
Tambo River, Victoria;0;0
tanks;0;0
Tiber River;0;0
Tiber River (upper and middle portions);0;0
Torrente Stianta (Tiber river basin);0;0
Transkei rivers;0;0
Trovela, Lima river system;0;0
Tuggerah Lake, New South Wales (33.345° S, 151.504° E), Sept 2003-March 2005;0;0
Tunisian Lagoons, inshore;0;0
Turros River, New South Wales (36.067° S, 150.135° E), Sept 2003-March 2005;0;0
Vade, Lima river system;0;0
Vransko;0;0
West  coast (31°58'-32°28' S);0;0
West Alligator River;0;0
West Australia;0;0
West coast;0;0
west coast;0;0
West coast (31°55'S-32°26'S);0;0
west coast (32°32'S - 28°35'S);0;0
West coast (34°09'- 46°16'N);0;0
West coast of USA and Canada;0;0
West Zone;0;0
Western Australia;0;0
Western Australia (tropical region);0;0
western coast;0;0
Western North Atlantic;0;0
Western Pacific;0;0
Western South Atlantic (42-45°S);0;0
Yangtze River;0;0
Yenisei River;0;0
Yukon River, lower reaches;0;0
66° N 17° W;2;0
66°N 17°W, 150 m;2;0
Iceland;2;20
Iceland summer spawners;2;20
Icelandic spring-spawning herring (Division Va);2;20
Icelandic summer-spawning herring (Division Va);2;20
Islandic Waters;2;20
ICES Div. XIVb and NAFO Div. 1B-1F;3;4
Irminger Sea;3;0
Grand Bank;5;38
ICNAF 2J 53°N 53°W;5;0
NAFO SA 2 + 3K (1971-1990);5;6
off Newfoundland;5;38
Trinity Bay;5;0
Alaskan Beaufort Sea;12;0
Beaufort Sea;12;0
Chukchi Sea;13;0
Northeastern Chukchi Sea;13;0
Bering Sea;14;0
Bering sea;14;0
Bering Sea and Aleuten Islands;14;53
Bering Sea and Aleutian Island;14;53
Bering Sea and Aleutian Islands;14;53
Bering Sea and Aleutian Islands ;14;53
Bristol Bay;14;0
Eastern Bering Sea;14;0
Southeastern Bering Sea;14;0
southern Bering Sea;14;0
Kara Sea;17;0
Yamal peninsula;17;0
Barents Sea;18;0
Barents Sea & Finmark Coast;18;0
Barents Sea, > 300 m;18;0
Murman Herring (72°N 35°E);18;0
Pechorsky Bay (Barents Sea);18;0
Southwestern Iceland;20;0
Faeroe Plateau, 62°N 7°E (200 m depth);21;0
Faroe Bank ;21;0
63°N 5°E;22;0
Norwegian spring spawning herring;22;23
`Persante' (?), Baltic;24;0
`Stolpe' (?), Baltic;24;0
`Wipper'(?), Baltic;24;0
Baltic;24;0
Baltic Sea;24;0
Baltic Sea (Subdivisions 22-32);24;0
Baltic Sea (Subdivisions 24-32);24;0
Baltic Sea Subdivisions 22-32;24;0
Baltic Sea, sub-divisions 24-32;24;0
Baltic, Belt Sea and Kiel Bay;24;0
Baltic, Bornholm Basin;24;0
Baltic, Bornholm Deep;24;0
Baltic, Gulf of Gdansk;24;0
Bodden around Ruegen Island, Mecklenburg-Vorpommern;24;0
Bothnian Bay (Baltic Sea);24;0
Darss-Zingst Bodden chain, Mecklenburg-Vorpommern;24;0
East of the Darss Sill, Mecklenburg-Vorpommern;24;0
Eastern Baltic Sea, Sub-Division 25-32;24;0
eastern Gulf of Finland;24;0
ICES areas 22-32;24;0
Kemi, Baltic Sea;24;0
Mecklenburg-Vorpommern (all coastal areas);24;0
North and east of Ruegen Island, Mecklenburg-Vorpommern;24;0
Northeast Baltic Sea;24;0
Northern Sweden, Baltic;24;0
Oulu, Baltic Sea;24;0
Pomeranian Bay (53°45'N, 14°15'E);24;0
Schleswig-Holstein;24;25
Sonderborg Bugt;24;25
Vistula, Baltic;24;0
West of the Darss Sill, Mecklenburg-Vorpommern;24;0
western Baltic Sea (SD 22-24);24;0
Western Baltic Sea, Sub-division 22 & 24.;24;0
Western Baltic Sea, Sub-divisions 22-24 and Division IIIa;24;0
Western Baltic, around Rügen;24;0
Western Baltic, ICES sub-divisions 24 + 25;24;0
western Gulf of Finland;24;0
Wismar Bay/Salzhaff, Mecklenburg-Vorpommern;24;0
Wladyslawowo Bank (54°55'N, 18°30'E);24;0
Aberdeen, 40 m;25;0
Buchan Herring;25;0
central and southern North Sea (ICES Div. 4.bc);25;0
Central area, North Sea;25;0
Central North Sea;25;0
Coral Bank, N.E. North Sea;25;0
Dogger Bank, SE North Sea;25;0
Dutch ports;25;0
Dutch Wadden Sea;25;0
East of Shetlands, North Sea 200 m depth;25;0
eastern English Channel (ICES Div. 7d);25;26
English Channel;25;26
German Bight (coastal area);25;0
German Bight (offshore);25;0
Gullmarsfjord, 58°N;25;0
Helgoland, North Sea;25;0
Humber Estuary (1982-1983);25;0
Kattegat, Belt and Sounds;25;0
Kattegat, Belt and Sounds (Subdivisions 21-23);25;0
Kiel Bay, eelgrass beds;25;0
Kiel Bight;25;0
Kiel Bight, Baltic;25;0
Koge Bugt;25;0
Limfjorden;25;0
Little Belt (55°40'N, 10°00'E);25;0
Manche;25;26
Moray Firth & Orkney area, North Sea;25;0
N + E North Sea & Morray Firth;25;0
N + W North Sea;25;0
N. North Sea;25;0
North central area, North Sea;25;0
North Scottish Waters, N. Coast;25;26
North Sea;25;0
North Sea (Sub-area IV);25;0
North Sea (tur-nsea);25;0
North Sea Sub-area IV, Divisions VIId and IIIa;25;0
North Sea, Coastal Waters;25;0
North Sea, English Channel, Celtic Sea and Irish Sea (ICES Divisions 4.bc and 7.a,d-h);25;26
North Sea, Sub-area IV;25;0
North Sea, sub-area IV;25;0
North Sea, Sub-area IV, Division VIId and IIIa (Skagerrak);25;0
North-eastern North Sea and Skagerrak;25;0
Northern Area, North Sea;25;0
off Orange River to East London;25;0
Rantzau, North Sea;25;0
SE North Sea;25;0
SE North Sea YCL 1967;25;0
Skagerrak;25;0
Skagerrak (Norwegian Deep);25;0
Skaggerak;25;0
southern North Sea;25;0
Southern North Sea;25;0
W North Sea;25;0
western Dutch Wadden Sea;25;0
10 km SE of  Little Saltee Island, Co. Wexford;26;0
Anglesey, North Wales;26;0
Anglesey, North Wales (spring);26;0
Brittany;26;27
Caernarfon Bay, north Wales;26;0
Carmarthen Bay, British Isles;26;0
Celtic Sea;26;0
Eastern Atlantic (off Britanny?);26;27
Fawley power station, Southampton Water;26;0
ICES areas VIIa and VIIg;26;0
ICES subareas VI, VII and VIII;26;27
Irish Sea;26;0
Irish Sea (ICES Div. VIIa);26;0
Irish Sea (ICES VIIa);26;0
Irish Sea and Bristol Channel;26;0
Irish Sea, Bristol Channel and Celtic Sea north (ICES Div. 7.afg);26;0
Irish Sea, ICES Area VIIa;26;0
Isles of Scilly;26;0
NE Atlantic: ICES Division VII;26;0
North Wales;26;0
Northeast Atlantic (ICES Div. VII);26;0
Northeast Atlantic: ICES Div. VII;26;0
Northeast Atlantic: ICES Div. VIIab;26;0
Northwest of Scotland;26;0
off Eastern Anglesey and North West Wales;26;0
off SW Ireland (ICES Areas VIaS, VIIb, VIIg, VIIh, and VIIj);26;0
Porcupine Bank (51°-54°N, 11°-15°W), 180-800 m depth;26;0
"Rockall Trough & Porcupine Bank (1996-97; 1999)";26;0
Roscoff, brackish waters;26;0
Seine Bight, Normandy Coast;26;0
Southwest England;26;0
Southwestern Ireland;26;0
Strangford Lough Sea, North Ireland;26;0
Tadnoll Brook, Dorset;26;0
West English Channel;26;0
western English Channel (ICES Div. 7e);26;0
Algarve;27;0
Algarve (Sept 1999-Feb 2001);27;0
Algarve coast;27;0
Algavre;27;0
Asturian coast;27;0
Aveiro Lagoon;27;0
Bay of Biscay;27;0
Bay of Biscay (ICES Div. VIIIabd);27;0
Bay of Biscay (ICES VIIIab);27;0
Bay of Biscay (ICES VIIIc1);27;0
Bay of Biscay (ICES VIIIc2);27;0
Bay of Biscay (north stock);27;0
Bay of Biscay 200 m depth;27;0
Bay of Biscay and Canary Islands;27;0
Bay of Biscay and Western Iberian waters, (ICES Division VIIIab, VIIIc1 and IXa2);27;0
Bay of Biscay, ICES Division VIIIab;27;0
Bay of Biscay, ICES Division VIIIc1;27;0
Bay of Biscay, ICES Division VIIIc1and VIIIc2;27;0
Bay of Biscay, ICES Division VIIIc2;27;0
Cantabrian Sea;27;0
"Cantabrian Sea and NW of Iberian Peninsula ((ICES Div. VIIIc; IXa)";27;0
Douarnenez Bay, Brittany;27;0
Galicia;27;0
Galician coast;27;0
Gironde estuary;27;0
Gulf of Cádiz;27;0
Gulf of Cadiz (Oct 2003 - Sept 2004);27;0
ICES Div. VIIIc and Ixa;27;0
ICES Division IXa1;27;0
ICES Division IXa2;27;0
Mor Braz, Southern Brittany;27;0
N and NW Iberian waters;27;0
N and NW Iberian waters (southern stock);27;0
North and Northwest Iberian waters;27;0
Northeast Atlantic: ICES Div. IXa2;27;0
Northeast Atlantic: ICES Div. VIIIc1;27;0
Northeast Atlantic: ICES Div. VIIIc2;27;0
Northern Spain (GSA 6);27;0
Northwest Iberian Peninsula;27;0
Northwest Iberian waters;27;0
NW Iberian waters (southern stock);27;0
NW Spanish coast;27;0
NW Spanish coasts;27;0
Óbidus Lagoon;27;0
Peniche (Dec 2003-Sept 2006);27;0
Portuguese coast (39°03?20.4??N, 9°39?54.2??W - 38°00?32.7??N, 8°55?30.7??W);27;0
Portuguese coast (west coast, 36°50'N to 42°N and south coast, 7°30'W to 9°30'W);27;0
Portuguese coasts;27;0
Quarteira-Vila Real de Santo Antonio;27;0
Ria Formosa coastal lagoon;27;0
Southern Brittany (780-1300 m depth);27;0
Southern Brittany (800-1300 m depth);27;0
33°N 8°W, 200 m depth;28;0
Casablanca to Agadir;28;0
Gibraltar;28;36
M'diq bay;28;0
Mellah lagoon;28;0
Mellah Lagoon;28;0
North West African, upwelling Area;28;80
Northwest Africa (27°-29°N);28;0
off Rio de Oro, West Africa;28;0
Strait of Gibraltar;28;36
Around Canary Islands.;29;0
Azore waters;29;0
Azores (ICES area 10);29;0
Azores archipelago;29;0
Azores Archipelago;29;0
Azores Islands;29;0
Canary Islands;29;0
Faial Island (Aug 1997-Apr 1999);29;0
Gran Canaria;29;0
"Gran Canaria (27°57'24""N, 15°35'23""W)";29;0
Gran Canaria and Fuerteventura;29;0
"Gran Canaria I. (27°57'24''N, 15°35'23""W)";29;0
Gran Canaria, Fuerteventura and Lanzarote;29;0
"Gran Canarias (27°57'24""N, 15°35'23""W)";29;0
Madeira Is;29;0
off Gran Canaria;29;0
off Gran Canaria (4-90 m);29;0
Off Gran Canaria (Mar 1998-Aug 1999);29;0
"Tenerife and Gran Canaria, 1985-86; 1991-93";29;0
Adriatic;30;0
Adriatic Sea;30;0
Adriatic Sea (Croatian coast);30;0
Boka Kotorska Bay;30;0
C. Adriatic Sea;30;0
Cape Savudrija to Lastovo Is, eastern Adriatic;30;0
Central Adriatic Sea;30;0
Comacchio lagoon;30;0
Donji Molunat Bay, Adriatic Sea;30;0
Dubrovnik, Elafiti Archipelago, Mljet and Sveti Andrija islands (Oct 2009-Dec 2010);30;0
E Adriatic;30;0
E. middle Adriatic;30;0
eastern Adriatic;30;0
Eastern Adriatic Sea;30;0
eastern Adriatic Sea;30;0
eastern central Adriatic;30;0
eastern central Adriatic Sea;30;0
eastern middle Adriatic;30;0
eastern-middle Adriatic Sea;30;0
Elafiti Islands;30;0
Jabuka Pit;30;0
Kastela Bay, Adriatic Sea;30;0
Krka River estuary;30;0
Mala Neretva River estuary;30;0
Mediterranean, off Fano;30;0
Middle Adriatic;30;0
Middle Adriatic Sea;30;0
middle eastern Adriatic Sea;30;0
Middle-eastern  Adriatic Sea;30;0
Middle-eastern Adriatic Sea;30;0
Mirna Bay;30;0
Mirna Bay, Adriatic Sea;30;0
North of Ancona;30;0
Northern Adriatic;30;0
Northern Adriatic (GSA 17);30;0
Northern Adriatic Sea;30;0
NW Adriatic Sea, artificial reefs;30;0
NW Ancona;30;0
off Boka Kotorska Bay;30;0
Southern-Middle Adriatic Sea;30;0
Trogir Bay;30;0
Upper Adriatic (off Venedice);30;0
Venetian Lagoon;30;0
Venice;30;0
Zrmanja River estuary (44°15'N, 15°30'E), eastern Adriatic Sea;30;0
?zmir Bay;31;0
?zmir Bay (38°40?N 26°31?E and 38°2?N 26°8?E), Aegean Sea;31;0
Aegean (Oreos);31;0
Aegean and Ionian Seas;31;34
Aegean and Mediterranean Seas;31;0
Aegean Sea;31;0
Aegean Sea (GSA 22);31;0
Aegean Sea (Mitilini);31;0
Central Aegean Sea;31;0
Chios (control);31;0
Chios (near cages);31;0
Chios (total);31;0
Cretan Sea;31;0
Cretan Shelf;31;0
Crete;31;0
Crete Island;31;0
Dodeckanisos;31;0
Eastern Mediterranean;31;32
Edremit Bay;31;0
Edremit Gulf;31;0
Evoia (total);31;0
Evvoikos Gulf;31;0
Hekim and Uzum Islands, Izmir Bay;31;0
Hellenic Seas;31;0
"Homa Lagoon, Izmir Bay (38°31'10"" N, 26°49'50"" E) ";31;0
Izmir Bay;31;0
Izmir Bay, Aegean Sea;31;0
Izmir Bay, central Aegean Sea, 2004-2007;31;0
Izmir Bay, central Agean Sea;31;0
Kavala Gulf, N. Aegean Sea;31;0
Lesvos (control);31;0
Lesvos (near cages);31;0
Lesvos (total);31;0
Marmara Sea;31;0
"N Aegean Sea; M: for Medas Is (Spain) 1996-99";31;0
N. Aegean, G. Saronikos & Cretan Sea;31;0
North Aegean Sea;31;0
north Aegean Sea;31;0
North Evvoikos and Pagassitikos Gulfs;31;0
off Iraklion (1988-89) and Crete (1988-90);31;0
Pagasitikos Gulf;31;0
Saronikos Gulf;31;0
Saronikos Gulf, Athens;31;0
Saros Bay (north Aegean Sea);31;0
Saros Bay (north Aegean);31;0
Saros Bay, North Aegean Sea;31;0
Sea of Marmara;31;0
South Aegean Sea (37.5° to 37.0° N);31;0
South Evvoikos Gulf;31;0
Taranto G. & N. Aegean Sea;31;0
Tbermaikos Gulf;31;0
Thermaikos Gulf;31;0
Thracian Sea;31;0
Uzunada, Aegean Sea;31;0
Vistonis estuarine system;31;0
Abu Qir Bay;32;0
Abu Qir Bay (Aug 2008-Aug 2009);32;0
Alexandria;32;0
Alexandria, Demietta & Port Said;32;0
Antalya Bay;32;0
Antalya Gulf;32;0
Babad lliman Bight;32;0
"Babadillimani Bight (33°23´36´´-33°32´57´´N; 36°07´00´´-36°09´39´´E)";32;0
Babadillimani Bight, Silifke, Mersin, NE Mediterrranean;32;0
Bardawil Lagoon;32;0
Bardawil lagoon, North Sinai;32;0
Bardawil Lagoon, North Sinai;32;0
"Batrun (33°03'N, 35°22'E; 34°35'N, 36°37'E)";32;0
Batrun, northern coast of Lebanon;32;0
Bay of Iskenderun  (0-50 m depth);32;0
Eastern Harbour, Anfoushy, Alexandria;32;0
Egyptian coasts;32;0
Gulf of Antalya;32;0
Inskederun Bay;32;0
Iskenderum Bay;32;0
Iskenderun Bay;32;0
Iskenderun Gulf;32;0
Levantine Sea;32;0
Magosa Bay, Northern Cyprus;32;0
"Mediterranean: El-Arish ((34°12'36"" E, 31°15'00"" N) to El-Sallum ((25°08'42"" E, 31° 30' 00"" N)";32;0
Northeastern coast;0;0
off Alexandria;32;0
off Karatas, eastern Mediterranean;32;0
Aegean Sea, Ionian Sea and Libyan Sea (Eastern Mediterranean);31;34
Buzzard Bay (41°30' N  70°46' W);41;0
Southeast Mediterranean;32;33
West of Alexandria;32;0
Yumurtalic Bight (Iskenderum Bay);32;0
Yumurtalic Gulf;32;0
Yumurtalik Bight, Iskenderum Bay;32;0
East Tunisian coasts;33;0
G. Gabes;33;0
Gabes Gulf;33;0
Golfe d’Annaba (36°57’55.78’’N-7°47’12.76’’E);33;0
Gulf of Annaba (7°16'N, 8°15'E);33;0
Gulf of Gabes;33;0
Gulf of Gabès (Central Mediterranean Sea);33;0
Gulf of Gabès, Jan 2003-Nov 2004;33;0
Gulf of Gabes, Mediterranean;33;0
Gulf of Sirt, east coast;33;0
Gulf of Sirt, west coast;33;0
Mediterranean Sea (Libyan east coast );33;0
SE Tunisian coasts;33;0
South Tunisian coasts;33;0
Tripolitania & Gabes Gulf;33;0
Tunisian coasts;33;0
Tunisian Gulf;33;0
Tunisian lagoons;33;0
Amvrakikos Gulf;34;0
Cape Otranto (40° 06'N, 18° 31'E) and Cappe Passero (36° 41'N, 15° 10'E), Ionian Sea;34;0
Cape Otranto to Cape Spartivento, N. Ionian Sea;34;0
Central Mediterranean;34;35
central Mediterranean Sea (depth: 5-30m);34;35
Ciclopi Islands (Siciliy);34;0
eastern Ionian Sea;34;0
Epirus;34;0
Gulf of Patraikos;34;0
Ionian coast;34;0
Ionian Sea;34;0
Ionian Sea (and Patraikos + Korinthiakos Gulf);34;0
Ionian Sea (bet. Otranto and Cape Passero);34;0
Ionian, South Adriati and South Tyrrhenian seas;34;0
Marsala lagoon;34;35
Mesolongi & Etolikon lagoonal system;34;0
Mesolongi and Etolikon lagoons;34;0
Messina Strait;34;0
Messinian coasts;34;0
Messolonghi-Etoliko lagoon;34;0
N. Ionian Sea;34;0
Northwestern Ionian Sea;34;0
North-western Ionian Sea;34;0
Roccella Ionica Bank, Ionian Sea;34;0
S. Sicily Licata;34;0
S. Sicily, Selinunte;34;0
Sicilian Channel;34;0
Strait of Messina;34;35
Strait of Sicily;34;35
Straits of Messina;34;35
Western Ionian Sea;34;0
western Ionian Sea;34;0
Western Ionian Sea (GSA 19);34;0
(Western Mediterranean included);35;0
Algerian coasts;35;36
Alicante;35;36
Alicante (Altea);35;36
Alicante (Torrevic.);35;36
Annaba Gulf;35;0
Balearic Islands;35;0
Balearic Islands (GSA 5);35;0
Barcelona-Majorca (40-24°N, 1-4°E);35;0
Beni-Saf;35;0
Berre Lagoon;35;0
Bou-Ismail Gulf;35;0
Castellon;35;0
Castellon coast;35;0
Catalan coast;35;0
"Catalan coast; M is for Medas Is., 1996-99";35;0
Catalan Sea;35;0
Catalan Sea, off lberian coast, (38°45'-42°00'N);35;0
"Catalan; M is for Medas Is (1996-99), Mediterranean";35;0
Central Tyrrhenian Sea;35;0
"Cilician basin, NE Mediterranean (36°17'88""- 36°08'83""N; 35°43'90""-33°37'05""E)";35;0
Costa Brava, West Mediterranean;35;0
Eastern coasts, Gulf of Annaba, Jan-Dec 2008;35;0
Etang de Thau;35;0
Formentera;35;0
Gulf of Alicante, Mediterranean;35;0
Gulf of Castellamare, NW Sicily;35;0
Gulf of Tunis;35;0
Latium;35;0
Ligurian and North Tyrrhenian Sea (GSA 09);35;0
Ligurian and North Tyrrhenian Sea (GSA 9);35;0
Ligurian and Tyrrhenian Seas, Mediterranean;35;0
Ligurian Sea;35;0
Majorca coast, Baleares;35;0
Majorca Island;35;0
Mallorca;35;0
Mallorca Island (W. Mediterranean);35;0
Malta Island and South of Sicily (GSA 15-16);35;0
Mar Menor lagoon, SE Iberian Peninsula;35;0
Natural Marine Reserve of Lavezzi Islands, Corsica;35;0
North Tunisian coasts;35;0
off Algier, Mediterranean;35;0
off Sète;35;0
off Sète, Gulf of Lion;35;0
Orbetello;35;0
Ponza Island;35;0
Rome;35;0
Roussillon;35;0
S. Tyrrhenian Sea;35;0
Sardinia;35;0
Sardinia (GSA 11);35;0
Sardinia (west) (GSA 11);35;0
Sardinian Seas, Mediterranean;35;0
Sardinian waters, 28 to 175 m depths;35;0
Sète (French Mediterranean Coast);35;0
Sète, Grau de Roi and Saintes Marie de la Mer;35;0
South Tyrrhenian Sea (GSA 10);35;0
southern Tyrrhenian Sea (100-600 m depth);35;0
SW Mediterranean;35;0
Thau;35;0
Tuscan Archipelago;35;0
Tyrrhenian Sea;35;0
Upper and middle slope of northwestern Mediterranean ;35;0
Valencia;35;0
Villefranche-sur-Mer;35;0
Vinaroz-Castellon-Columbretes;35;0
W. Italian coasts;35;0
W. Mediterranean, Northern Tunisia;35;0
West Mediterranean;35;0
western Mediterranean;35;0
Western Mediterranean (GSA 1, 5 and 7);35;0
Alboran Sea;36;0
Alboran Sea  (Oct 2003 - Sept 2004);36;0
Alboran Sea 500-800 m;36;0
Southern Alboran Sea (GSA 3);36;0
Vera Gulf;36;0
Gulf of St. Lawrence (64°00-64°21'N, 49°15'W);37;0
off Nova Scotia;37;39
Southern Gulf of St. Lawrence;37;0
Southern Gulf of St. Lawrence fall spawners;37;0
Banc de St. Pierre, New Foundland, 50-200 m;38;0
Bank of flemish cap;38;0
East of Newfoundland fall spawners;38;0
East of Newfoundland spring spawners;38;0
Flemish Cap;38;0
Newfoundland;38;0
Newfoundland waters;38;0
St. Pierre Bank, NAFO 3Ps;38;0
West of Newfoundland spring spawners;38;0
43°N  62°W (Nova Scotia);39;0
Annapolis River, Nova Scotia;0;0
Banquereau, Nova Scotia;39;0
eastern Scotian shelf;39;0
Eastern Scotian Shelf and Southern\r\nGulf of St. Lawrence, NAFO 4TVW ;39;37
ICNAF Subarea 4;39;40
Nova Scotia and Bay of Fundy;39;0
Western Emerald Bank, Nova Scotia;39;0
Western Scotian Shelf, NAFO 4X;39;0
Bay of Fundy;40;0
Browns Bank;40;0
George Bank (western North Atlantic);40;41
Georges Bank;40;41
Geroges Bank;40;41
Gulf of Maine;40;0
Gulf of Maine (42°50'N, 70°15'W);40;0
Gulf of Maine and Georges Bank;40;41
Gulf of Maine, NAFO 5Y;40;0
Massachusetts;40;41
Middle Atlantic-southern New England;40;0
Middle Atlantic-Southern New England region;40;0
NAFO Division 4X;40;0
Nantucket Shoals, NAFO 5Z;40;41
New England;40;0
off New Hamsphire;40;0
Southern Georges Bank;40;41
Atlantic (between Cape Hatteras and George Bank);41;0
Cape Cod, Mass. to Ocean City, Md.,  5-200 m;41;0
Cape Cod, Mass. to Ocean City, Md., 5-200 m;41;0
Cape Hattteras, NC to the Grand Banks;41;0
Carolinas;41;42
Chesapeake Bay;41;0
Chesapeake Bay (York River Mouth);41;0
Chesapeake Bay and York, James, and Rappahannock rivers;41;0
Chesapeake Bay Area;41;0
Chesapeake Bay, Virginia to Port Canaveral, Florida;41;0
Georges Bank-Delaware region;41;0
"Growth: North & South Carolina; M: Gulf of Mexico";41;42
Long Island Sound;41;0
Long Island, New York;41;0
lower Delaware Bay;41;0
New York Bight (40°19'N, 73°52'W);41;0
Norfolk Canyon off Virginia;41;0
Norfolk-Loyalty ridges;41;0
North  and South Carolina;41;42
North and South Carolina;41;42
North Carolina;41;42
North Carolina to Florida;41;42
North Carolina to Southeast Florida;41;42
Northern Georges Bank;41;0
Ocean City, Md.- Virginia Beach, Va., 5-200 m depth;41;0
"off North and South Carolina (between 31°09'N and 34°44'N; ";41;42
off Virginia;41;0
Virginia;41;0
Virginia Beach to Cape Fear, N.C.,  5-200 m depth;41;0
Virginia coast;41;0
York River Mouth, Chesapeake Bay;41;0
Cape Fear, North Carolina - Cape Canaveral, Florida;42;0
Onslow Bay, North Carolina;42;0
Onslow Bay, North Carolina to West Palm Beach, Florida;42;70
South Carolina;42;0
30°25'N 87°07'W;43;0
Alabama;43;0
Alabama-Florida, May-Oct 1997-2002;43;70
artificial reef off Alabama;43;0
Bays of Texas;43;0
Cedar Keys, Florida;43;70
Corpus Christi, Texas;43;0
Eastern Gulf of Mexico;43;69
eastern Gulf of Mexico;43;69
eastern Gulf of Mexico, Nov 1995- April 2001;43;69
Florida (west coast);43;70
Florida, west coast;43;70
Gulf of Lion;43;0
Gulf of Lions;43;0
Gulf of Lions (GSA 7);43;0
Gulf of Mexico;43;69
Gulf of Mexico (eastern);43;70
Gulf of Mexico, Louisiana;43;0
Lion Gulf;43;0
Louisiana;43;0
Louisiana to Key West, Florida;43;70
Louisiana waters;43;0
Matagorda Bay, Texas;43;0
N and NW Florida;43;70
Naples, Florida to Port Aransas, Texas;43;0
North Florida;43;70
Northeast Gulf of Mexico;43;70
Northeastern Gulf of Mexico;43;0
northeastern Gulf of Mexico;43;0
northern Gulf of Mexico;43;0
Northern Gulf of Mexico;43;0
Northwest Florida;43;70
northwest Gulf of Mexico;43;0
northwestern Gulf of Mexico;43;0
Northwestern Gulf of Mexico;43;0
off Louisiana;43;0
Southwest of Pearl River Mouth;43;0
Southwest of Pearl River Mouth, 50 m;43;0
St. Andrew Bay to Apalachicola Bay, Gulf of Mexico;43;0
Texas;43;0
Texas Coast;43;0
Western Gulf of Mexico;43;69
Western Louisiana;43;0
Akgol-Paradeniz Lagoon;44;0
Azov basin;44;0
Azov Sea;44;0
Northwestern part of the Black Sea;44;0
Black Sea;44;0
Black Sea & Eastern Mediterranean;44;31
Black Sea and Sea of Maramara;44;31
Black Sea and Sea of Marmara;44;31
Black Sea, Eastern;44;0
Black Sea, Soviet Coast;44;0
Black Sea, Western;44;0
Crimea, Black Sea;44;0
Eastern Black Sea;44;0
eastern Black Sea;44;0
Sea of Azov;44;0
Sinop Peninsula, Black Sea;44;0
Sinop, Black Sea;44;0
south-east Black Sea;44;0
southeastern Black Sea;44;0
southern Black Sea;44;0
south-western Black Sea coast;44;0
Trabzon coast, Black Sea;44;0
Trabzon coast, southern Black Sea;44;0
Trabzon coast, Southern Black Sea;44;0
Trabzon-Yomra coast;44;0
Iona Isl., NW Sea of Okhotsk;45;0
NE Sakhalin;45;0
NE Sea of Okhotsk;45;0
NW Sea of Okhotsk;45;0
Sakhalin Isl.;45;49
SE Sakhalin;45;0
Sea of Okhotsk;45;0
Terpeniya Bay;45;0
East Kamchatka;46;0
Kamchatka;46;0
Kurils and Kamchatka;46;47
N Kuril Is., SE Kamchatka and W Bering Sea;46;47
N Kurils and SE Kamchatka;46;0
Pacific off Kurils and Kamchatka;46;47
SE Kamchatka & N Kuril Is. (47°50'-52°00'N, 100-850 m);46;47
West Kamchatka;46;0
West Northland;46;0
Cape Erimo, Hokkaido;47;48
Kuril Islands;47;0
Kuril Islands, Pacific waters;47;0
North Kuril Islands;47;0
Northwest Pacific off Japan and Kurils;47;0
off Usujiri, Southern Hokkaido;47;49
South Kurils;47;0
Funka Bay, Hokkaido;48;0
Honshu and Kuril Islands;48;0
Kikonai Bay, Hokkaido;48;0
Matsushima Bay;48;0
northern Honshu;48;0
off Sanriku (Pacific);48;0
Pacific Coast of Central Japan;48;51
Pacific Coast, Central Japan;48;51
Senday Bay, Zostera Belt;48;0
Southern Sanriku District, Honshu;48;0
Central Japan Sea;49;0
Niigata, Central East China Sea;49;0
off Joetsu City, Niigata Prefecture;49;0
off Niigata Prefecture;49;0
Peter the Great Bay;49;0
"Peter the Great Bay, 1992; 1994-98";49;0
Sea of Japan and East China Sea;49;52
Southwestern Sakhalin;49;0
Tatar Strait;49;0
Wakasa Bay;49;0
Western Aomori Prefecture;49;0
Bo Hai Sea, Yellow Sea and N. East China Sea;50;52
Bohai Sea, Yellow Sea and N. East China Sea;50;52
Yellow Sea and Bo Hai;50;0
29-31°N 149-154°E;51;0
Aburatsubo (35°10'N, 139°30'E),Miura Peninsula;51;0
Ago Bay (34°16-17'N, 136°46-48'E);51;0
Amakusa Islands;51;52
Bisan Seto, Seto Inland Sea;51;0
Hiuchi-Nada, Seto Inland Sea;51;0
Hyuga Nada;51;0
Izu Is., Kanto District, Central region;51;0
Kagoshima Bay;51;0
Kii Channel;51;0
Kumano-Nada (autumn brood);51;0
Kumano-nada (Kii Peninsula, Mie Prefecture);51;0
Kumano-Nada (spring brood);51;0
Kumano-Nada, Central Japan;51;0
Kushimoto, Wakayama Prefecture;51;0
Kyushu, west coast;51;52
Miara Peninsula;51;0
Middle and West Seto Inland Sea;51;0
middle and west Seto Inland Sea;51;0
Nagasaki peninsula, Kyushu;51;52
Northern Kyushu;51;0
Osaka Bay;51;0
Sagami Bay;51;0
Sagami Bay, Izu Is., Torishima Is. and Choshi;51;0
Sagami Bight and Zunan Sea;51;0
Seto Inland Sea;51;0
Seto Naikai;51;0
Suo Nada;51;0
Suo-Nada;51;0
Suruga Bay;51;0
"Tateyama Bay (34°8' - 35°1' N; 139°75' - 139°85' E)";51;0
Tokyo Bay;51;0
Wakayama;51;0
Wakayama Prefecture;51;0
west Kyushu coast;51;52
Zunan Sea (different area);51;0
27°N 122°E;52;0
27°N 122°E, 60 m;52;0
27°N 123°E, 60 m;52;0
27°N 127°E, 60 m;52;0
28°N 124°E, East China Sea;52;0
32°N 127°E, 60 m;52;0
East China Sea;52;0
East China Sea  33°N  127°E;52;0
East China Sea (bet. 26°-29°N, 121°-125°E);52;0
East China Sea (bet. 26°-29°N, 121°-125°E),;52;0
East China Sea (north);52;0
East China Sea and Southern Korean waters;52;0
East China Sea, `A';52;0
East China Sea, `B';52;0
East China Sea, 30°N  126°E, 100 m;52;0
East China Sea, Sea of Japan and Seto Inland Sea;52;49
East China Sea, Yellow Sea and Bo Hai;52;50
Guei-Shan Island;52;0
Ishigaki Island, Okinawa, 24° N;52;121
Jeju Island (Dec 2005-Dec 2006);52;0
Okinawa;52;121
Okinawa Island, Ryukyu;52;121
southern East China Sea;52;0
Taiwan Strait;52;113
Tsushima waters (autumn brood);52;0
Tsushima waters (spring brood);52;0
Yaeyama Islands, Okinawa;52;121
Yangtze Estuary (31°63'N, 121°51'E and 30°62'N, 122°12'E);52;0
Aleutian Islands;53;0
Central Aleutian Is.;53;0
central Aleutian Islands;53;0
Central and Western Aleutians;53;0
E Bering Sea, Aleutian Is, Gulf of Alaska, & W USA;53;54
Eastern Aleutian Is.;53;0
Eastern Aleutian Islands;53;0
Eastern Aleutians;53;0
Western Aleutian Is.;53;0
Central Gulf of Alaska (SE Kodiak Island);54;0
Gulf of Alaska;54;0
Kodiak Island;54;0
Western Gulf of Alaska;54;0
Hecate Strait, British Columbia;55;0
Georgia Strait, British Columbia;55;56
British Columbia;55;0
Extreme outer Queen Charlotte Sound;55;0
Queen Charlotte Is. (west coast);55;0
Queen Charlotte Sound;55;0
San Juan Is., Washington;56;0
Helby Island (48°51'N, 125°10'W), Barkley Sound;57;0
off Oregon;57;0
off Oregon, 1961-78;57;0
off Washington State, 250 m;57;0
off Washington, 250 m;57;0
Port Renfrew, British Columbia;57;0
Vancouver;57;0
Vancouver I. (west coast);57;0
Washington and California;57;58
Seal Beach, California;59;0
Belmont-Newport, California 10 m;58;0
between Baja California and Pt. Conception, CA;58;59
central and northern California;58;0
Central California;58;0
central California;58;0
Elkorn Slough (121°47'W, 36°48'N), California;58;0
Malibu, California;58;59
Northern California (Monterey);58;0
Monterey Bay, California;58;0
Northern California;58;0
Occidental;58;0
Oregon;58;0
Oregon waters;58;0
South California Bight;58;59
Southern California;58;59
southern California bight;58;59
southern California Bight;58;59
Southern California, 20 m;58;59
Baja California (northern);59;60
Baja California (southern);59;60
California;59;58
California waters, 33°30'N 119°30'W;59;0
Newport, California;59;58
off California;59;58
off central California;59;58
off Los Angeles;59;0
off Monterey Bay and Los Angeles, California;59;0
off Monterey Bay, California;59;0
off southern California;59;0
off Southern California (San Clemente Basin, 2000 m max depth);59;0
San Diego, California;59;0
San Pedro Bay and Port of Niebla, Chilean Lakes District;59;0
San Pedro, California;59;0
San Pedro, California,;59;0
"Southern California, 33°N 118°W; M for Japan";59;0
Bahia de los Angeles, Baja California;60;0
Espíritu Santo and Cerralvo Is., Gulf of California;60;0
Guaymas, Gulf of California;60;0
Gulf of California;60;0
Playa Norte, Mazatlán, Sinaloa;60;0
Punta Arenas de la Ventana (24°03?N, 109°49?W), SE Baja California;60;0
Southern Baja California;60;0
Southern Gulf of California;60;0
Bahia Magdalena, Baja California;61;0
Bahía Magdalena, Baja California Sur;61;0
Baja California Sur west coast;61;0
Bermuda reef platform;62;0
Kehpara, Pohnpei (6° 55’ N, 158° 15’ E);63;0
Lee Stocking Island;63;0
French Frigate Shoals and Necker Island;64;0
New Year Rise (15°N, 54°W), west-central Atlantic;64;0
St. Thomas;64;0
Batabano Bay;65;0
Cayman Islands;65;0
Eastern Carribean;65;68
Gulf of Batabanó, SW region;65;0
Puerto Esperanza, NW region;65;0
Puerto Rico and U.S. Virgin Islands;65;0
Southeast Cuba;65;0
Southern Caribbean;65;0
Barbados;66;0
Los Roques Archipelago;66;0
St. Vincent;66;0
Trinidad;66;71
San Blas Archipelago;67;0
Sta. Marta;67;0
Campeche;68;69
Campeche Bank;68;69
Celestún, Yucatán;68;69
Eastern Campeche;68;69
Quintana Roo south coast;68;69
Gulf of Mexico and Florida S. Atlantic coast;69;70
Tamaulipas;69;0
Tamiahua;69;0
Terminos Lagoon, Gulf of Mexico;69;0
Terminos Lagoon, Southern Gulf of Mexico;69;0
Yucatán;69;0
"Biscayne Bay, Florida (25° 37' N; 80° 15' W)";70;0
east Florida;70;0
Florida;70;0
Florida (east coast);70;0
Florida Bay;70;0
Florida east coast;70;0
Florida east coast and northern Bahamas;70;0
Florida Keys;70;0
Florida Keys (1995-97) and Tampa Bay (1990-95);70;0
Florida Straits;70;0
Florida, east coast;70;0
Florida, Pensacola Estuary;70;0
Fort Myers, Florida;70;0
Key Largo-Key West, Nov 1995- April 2001;70;0
Lower Florida Keys, 137-259 m.;70;0
Mosquito/Upper Indian River Lagoon, Florida;0;0
South Florida;70;0
South Florida, Nov 1995- April 2001;70;0
Tampa Bay (27°40'N, 82°35'W), Florida;70;0
Tampa Bay and adjacent Gulf of Mexico waters;70;0
Tampa Bay, Florida;70;0
West Florida;70;43
Gulf of Paria and North coast;71;0
Ceará;75;0
Ceará State;75;0
Ceara State, 4° S 37° W;75;0
Itamaracá Island (Pernambuco);75;0
Natal;75;0
off Caera State;75;0
off Ceará State;75;0
off Recife;75;0
Pernambuco;75;0
Piedade Beach, Pernambuco;75;0
Rio Grande;75;0
Rio Grande and southern Brazil;75;0
Rio Grande do Norte;75;0
Rio Grande do Sul;75;0
Salvador-Bahia and Cabo de São Tomé-Rio de Janeiro;75;76
south-western Atlantic coast (7°44'S, 34°49'W - 9°05'S, 35°15'W);75;0
Åguas Cearenses (4°S);75;0
Rio de Janeiro;76;180
southeastern Brazil EEZ;76;180
"southern shelf  (between 28°36? 14?? S and 33° 44? 39?? S; 9 - 130 m depths)";77;0
Runaway Beach, Tristan da Cunha Island (37°06'S, 12°21'W), south Atlantic;78;0
Cap Blanc - Cape Verde;79;80
Cape Blanc/Cape Bojador;79;80
Cape Blanc/Cape Verde;79;80
off Dakar;79;80
off Dakar, 200 m depth;79;80
São Vicente and Santa Luzia;79;0
20°N West Africa, 120 m;80;0
Cap Blanc;80;0
Cape Blanc;80;0
Senegal;80;0
Conakry;81;0
Abidjan;82;0
off Lagos;82;83
off Lagos 20 m;82;83
off Lagos, 20 m;82;83
Gulf of Guinea;83;84
Congo River estuary;85;86
Congo River mouth,  20 m;85;86
Congo River mouth, 10 m;85;86
mouth of Congo River, 20 m;85;86
mouth of Congo River, 20 m depth;85;86
Pointe Noire;85;0
Pointe-Noire;85;0
Namibe province;86;190
Aqaba (seagrass bed, 10 m deep);87;0
Eilat, Red Sea;87;0
Gulf of Aqaba, Red Sea;87;0
Gulf of Suez;87;0
northern Red Sea, Hurghada;87;0
Red Sea;87;88
Red Sea, Jeddah;87;88
Gulf of Aden;89;0
Gulf of Aden, 50 m;89;0
Abu Dhabi;90;0
off Abu Dhabi;90;0
Persian Gulf, Bandar Abbas;90;0
Qeshm Island (26°41?43?N 55°37?06?E), Persian Gulf;90;0
southern Arabian Gulf;90;0
Gulf of Oman and Arabian Sea;91;92
Sea of Oman;91;0
northwest Arabian Sea;92;0
Mahé Plateau;96;0
St. Anne National Marine Park;96;0
Nazareth Bank, Mascarene Ridge, W Indian Ocean;97;98
Saya de Malha (10°30'S 62°E);97;0
Saya de Malha, 10°30'S 62°E;97;0
Comoros Islands;100;0
Mozambique/Madagascar Ridge;100;101
Sofala Bank;101;0
Maputo Bay;102;0
Bombay-Saurashtra;103;0
Bombay-Saurashtra region;103;0
Dakshina Kannada, Kanataka;103;0
Gurupur-Netravati, Pavanje and Shambavi Rivers, Mangalore;103;0
Karnataka ( 2016);103;0
Karnataka (2011-2012);103;0
Karnataka, 2016;103;0
Katnataka, 2016;103;0
Off Mangalore in Karnataka (2007-2012);103;0
Veraval (2008-2009);103;0
West coast (Gujarat, Goa, Karnataka, Kerala);103;0
West coast (Gujarat, Goa, Karnataka, Kerala), 1998-2002;103;0
Gulf of Mannar;104;0
Gulf of Mannar (Nov 2000 - Oct 2002);104;0
Mandapam waters;104;0
Negombo;104;0
Palk Bay and Gulf of Mannar;104;0
Andhra-Orissa Coast;107;0
Bear Lake, Utah-Idaho;0;0
Waltair, Visakhapatnam;107;0
Hoogly Estuary, Bay of Bengal;108;0
Gulf of Tonkin;112;0
Gulf of Tonking (South China Sea);112;0
112.5°E 20.8°N, 70 m;113;0
Dongsha Islands;113;0
Hong Kong and adjacent waters;113;0
Minnan-Taiwan Bank Fishing Ground (22°00'-24°30'N, 117°30'-120°45'E);113;0
South China Sea;113;114
South China Sea (bet. 20°-23°N, 112°-117°E);113;114
Zhujiang River estuary;113;0
central South China Sea, submarine ridge;114;0
Gulf of Thailand;115;0
Northern Sunda (South China Sea);117;0
West Sulu Sea;126;0
Manila Bay;127;0
Sea Cages, Mactan Is.;127;0
Southern Negros Is.;127;0
Sto. Tomas, La Union (Mar-Sept 1981);127;0
Bunaken Marine Park, North Sulawesi;128;0
Boso, Central region;129;130
North-central Gulf of Mexico;43;0
Timor Sea;132;141
Western Caroline Islands;134;0
Ysabel Passage;134;136
Fairfax harbour;137;0
Queensland, northern region;140;142
Hervey Bay, Queensland;202;0
Arafura Sea;141;0
"Arafura Sea and Gulf of Carpentaria;  along Queensland to Iluka, NSW";141;0
Arafura Sea and Timor Sea;141;0
Arafura Sea off North Australia;141;0
Arafura Sea, Northwest Australia;141;0
Kimberley, north-western coast;141;144
Kimberley, Western Australia, 60-200 m depth;141;144
Centipede reef, Northern Queensland;142;0
Cleveland and Bowling Green Bays, Queensland;142;143
Cleveland Bay, North Queensland;142;143
Cleveland Bay, Queensland;142;143
Cleveland Bay, Townsville (19°20'S 147°E), QLD;142;143
Coil reef, Northern Queensland;142;0
Great Barrie Reef;142;143
Great Barrier Reef;142;143
Lizard Is. (14°40'S, 145°28'E);142;0
Lizard Is. (14°40'S, 145°28'E) and Outer Barrier Reefs;142;0
Lizard Is. (14°40'S, 154°28'E), G.B.R.;142;0
Lizard Island (14°40' S, 145°28' E);142;0
central Great Barrier Reef;143;0
Central Great Barrier Reef (18-19°S);143;0
GBR Capricorn Bunker;143;0
GBR, Mackay Region ;143;0
GBR, Townsville,   Dip Reef;143;0
GBR, Townsville,  Glow Reef ;143;0
GBR, Townsville, Faraday Reef ;143;0
GBR, Townsville, Yankee Reef;143;0
Great Barrier Reef (18°-19°S, 146°30'-147°30'E);143;0
Great Barrier Reef (midshelf);143;0
Great Barrier Reef, 15°-18°S;143;0
Lodestone Reef, central GBR;143;0
off Townsville (18°-19°30'S, 146°-147°E);143;0
Queensland (east-coast stock);143;202
Queensland east coast (south of 16°S);143;202
Queensland, central region;143;202
Southern Great Barrier Reef;143;0
Southern Great Barrier Reef, 1989-91;143;0
Cape Lambert;144;0
Cape Lambert, 1980-81;144;0
Northwest Australia;144;145
24°S 110°E, 200 m depth;145;210
Vanua Levu;147;0
Dumbea Bay;149;0
Southern Province, Northern Province, Loyalty Islands (Dec 2008-Jun 2009);149;0
Hawaii;152;0
Johnston Atoll;152;0
Kaneohe Bay;152;0
Oahu;152;0
West Hawaii coast;152;0
Chisik Island, Cook Inlet;156;0
Outer-Kachemak, Cook Inlet;156;0
Tutuila Island;157;0
Tikehau Lagoon;158;0
Bay of Santiago, Colima;166;0
Colima;166;0
Manzanillo, Colima;166;0
Michoacán;166;0
Chaipas;167;0
Gulf of Nicoya;168;0
7°S 80-81°W;171;175
Paita and (3°20'- 14°00'S);171;175
Santa Cruz, Santiago, Isabela, and Wolf Islands;172;0
Galápagos;173;174
Galapagos Islands;173;174
Iquique;176;0
Naska ridge & Sala y Gomez seamount (25°40'S, 85°27'S);176;0
Naska ridge and Sala y Gomez seamount (25°40'S, 85°27'S;176;0
Valparaiso;176;177
Chile;177;178
Central Chile;177;178
Central Chile (39° 45' S) to Magellan Strait, Patagonia (53°30' S);178;188
Central Chile (39°45' S) to Magellan Strait, Patagonia (53°30' S);178;188
Robinson Crusoe and Santa Clara Is.;179;0
28°S 49°W;180;181
Cabo de Sao Tomé (22°S) to Arroio Chui (34°S), 100-1800 m depths;180;181
Santa Catarina;180;181
São Paulo;180;0
Southeastern region (Cananéia), São Paulo;180;0
Patos Lagoon estuary, Rio Grande do Sul;181;0
Buenos Aires-north Patagonia region;182;183
Argentina;183;185
Mar Chiquita coastal lagoon (37°32'S-57°19'W);183;0
Mar del Plata;183;0
off Mar del Plata;183;0
(45-53°S, 61-66°W);184;185
46°S 63°W, 90 m;184;185
Falklands’ archipelago;186;0
Patagonian fjords (51- 54° S);187;188
Chiloé inland sea, southern Chile (41°90'-43°50'S);188;0
Benguela system;190;191
Hout , Saldana and Stompneus Bays;191;192
Lüderitz (Namibia) and Cape fishing grounds;191;192
Stompneus Bay (33°S 18°E);191;192
Walvis Bay, 20 m;191;0
Walvis stock;191;0
Western Cape coast;191;192
western Cape waters;191;192
35°S, 20°E;192;0
Agulhas Bank;192;0
Agulhas Bank (20-27°E);192;0
Agulhas Bank (24-27°E);192;0
Algoa Bay;192;0
Cape to Delagoa Bay;192;193
Coffee Bay to Struis Bay;192;193
Eastern Cape;192;193
Eastern Cape coast;192;193
south africa;192;0
South Africa;192;0
South-east coast (ICSEAF Div. 2.1/2.2);192;0
South-western Cape;192;191
Tsitsikamma coast;192;0
Tsitsikamma National Park;192;0
KwaZulu-Natal;193;0
KwaZulu-Ntal coast;193;0
East Northland;196;199
Hauraki Gulf;196;0
Hauraki Gulf, 36.5°S 175°E;196;0
Manukau Harbour;196;199
North Island;196;199
Northeastern North Island;196;199
Paoanui, North Island;196;199
"west South Island; east North Island; north Three Kings Islands";196;199
Western Bay;196;0
Bay of Islands, Whangaroa, and Tutukaka;198;0
Canterbury coast;199;200
Chatham Rise;199;0
East coast, South Island;199;200
eastern Cook Strait;199;0
New Zealand;199;200
New Zealand waters;199;200
northwest Chatham Rise (subarea ORH 3B);199;0
Outer Pelorus Sound;199;0
Outer Queen Charlotte Sound;199;0
Pegasus Bay, Canterbury (45°S 173°E);199;0
Pelorus Sound;199;0
Wairarapa;199;0
Wellington harbour;199;0
Foveaux Strait (2008) and off SE South Island;200;0
Puysegur Bank (45°30'-47°10'S, 165°-166°40'E);200;0
South Island, east coast;200;199
South Island, S and SE coasts;200;199
South Island, S and SE coasts (RCO3);200;199
South Island, south coast;200;199
South Island, west coast;200;199
Moreton Bay;202;0
Moreton Bay, Queensland, 20 m;202;0
Pilbara coast (116-120°E), Western Australia;202;0
Pilbara coast, Western Australia;202;0
Sydney, Cape Bailey;203;204
New South Wales;204;0
"New South Wales (bet. 32°09'S; 152°29'E and 35°22'S; 150°29'E)";204;0
New South Wales (bet. Yamba and Narooma Ports);204;0
New South Wales (Clarence River: 29°26'S);204;0
Victoria (except Gippsland Lakes);204;205
Victorian waters;204;205
Bass Strait;205;0
Bass Strait (37-40°S, 148-158°E);205;0
Eastern Tasmania;205;0
North-West Bay;205;0
off Eastern Tasmania;205;0
Port Phillip Bay, Victoria;205;0
Port Phillip Bay, Victoria (38°S 145°E);205;0
Tasman Bay, Nz (41S 173E);205;0
Tasmania;205;0
Tasmania (east and southeast coasts);205;0
Tasmania (east and west coasts);205;0
Southern Baird Bay;207;208
 Western Australia (temperate region);209;211
"Esperance (33° 45? S; 121° 55? E), Western Australia";209;0
"Esperance, Western Australia (&#8764;34&#9702;S, 122&#9702;E)";209;0
Mangles Bay and Safety Bay, Western Australia;209;0
Moore River Estuary (southern west coast);209;211
Nornalup Walpole Estuary (southern west coast);209;0
off Perth (32° S), Western Australia;209;0
"off south coast of Western Australia (ca. 35° S; 115°30? E - 125°00? E)";209;211
south coast, Western Australia;209;0
Swan estuary, SW Australia;209;0
Swan River Estuary (southern west coast);209;0
Swan-Avon estuary;209;0
Wellstead Estuary (southern west coast);209;0
Western Australia (Princess Royal Harbour and King George Sound), 35° S;209;0
Western Australia (Rottnest Island, Cockburn Sound and Comet Bay), 32° S;209;0
Western Australia (Swan River Estuary), 32° S;209;0
Western Australia (Wilson Inlet basin), 35° S;209;0
Western Australia, bet. Albany (35°01'S, 117°58'E) and Esperance (33°45'S, 21°55'E);209;0
Wilson Inlet (estuary), Western Australia;209;0
Wilson Inlet (lower), Western Australia;209;0
Wilson Inlet (upper), Western Australia;209;0
West coast, Western Australia;210;211
west coast, Western Australia;210;211
Jurien Bay Marine Park (JBMP), 30°  S, Western Australia;211;0
Macquarie Ridge (PTO 1);212;0
South Georgia;220;0
South Georgia Island;220;0
South Georgia-Shag Rocks (SGSR) stock and other areas N and W;220;0
Western South Atlantic (about 53°-64°S, 26°-67°W);220;222
Sygny Islands;221;0
Antarctic Peninsula;222;223
Mawson Sea;224;0
Prydz Bay;224;0
Cosmonaut Sea;226;0
Weddell Sea;227;0
Ross Sea;229;0
Sub-Antarctic (Campbell Plateau and Stewart-Snares);229;0
